{
    "Results": {
        "Classifier": [],
        "Detector": [],
        "Fiducial": [
            {
                "fID": 2,
                "fam": "16H5C",
                "pts": [],
                "skew": [],
                "t6c_ts": [
                    -0.2570633344260391,
                    0.472772273028632,
                    -2.7161389880703246,
                    10.447377073951985,
                    14.218471815307664,
                    -7.297162344881383
                ],
                "t6r_fs": [
                    4.526961352999987,
                    -1.0031230618147156,
                    -0.010052273028631986,
                    -7.2355482358027405,
                    -12.154247096356832,
                    -12.798786808145472
                ],
                "t6r_ts": [
                    -0.2570633344260391,
                    0.472772273028632,
                    -2.7161389880703246,
                    10.447377073951985,
                    14.218471815307664,
                    -7.297162344881383
                ],
                "t6t_cs": [
                    -0.36175770573449134,
                    0.062407959156181254,
                    2.7444931757142808,
                    -12.454359311542202,
                    -12.507042565217061,
                    9.973810478945833
                ],
                "t6t_rs": [
                    -0.36175770573449134,
                    0.062407959156181254,
                    2.7444931757142808,
                    -12.454359311542202,
                    -12.507042565217061,
                    9.973810478945833
                ],
                "ta": 0.004877211060374975,
                "tx": -6.926690101623535,
                "txp": 125.55975341796875,
                "ty": -1.341202735900879,
                "typ": 125.5664291381836
            }
        ],
        "Retro": [],
        "botpose": [
            4.526959766040125,
            -1.0031248028317636,
            -0.010049114476463073,
            -7.235557598526848,
            -12.154177942488502,
            -12.798745158008726
        ],
        "pID": 2.0,
        "tl": 38.6275520324707,
        "ts": 5999504.108492,
        "v": 1
    }
}